# 语法：/旧地址 /新地址 301
# 301 代表“永久移动”，告诉 Google 把权重转移到新页面

# --- 核心页面 ---
/levels.html /levels 301
/hot-games.html /hot-games 301
/cookingdom.html /cookingdom 301
/download.html /download 301
/blog.html /blog 301

# --- 博客文章 (从 /articles/xxx.html 迁移到 /blog/xxx) ---
# 假设你的新博客 slug 和旧的一样，只是去掉了.html
/articles/knit-out-vs-knit-n-loop-review.html /blog/knit-out-vs-knit-n-loop-review 301
/articles/hybrid-casual-games-market-trends-2025-part2.html /blog/hybrid-casual-games-market-trends-2025-part2 301
/articles/rollic-game-strategy-innovation-skin-swaps-ip.html /blog/rollic-game-strategy-innovation-skin-swaps-ip 301
/articles/knit-out-unbeatable-yarn-themed-game-2025.html /blog/knit-out-unbeatable-yarn-themed-game-2025 301
/articles/knit-out-hybrid-casual.html /blog/knit-out-hybrid-casual 301
/articles/hybrid-casual-monetization-coin-sort-revenue-blueprint.html /blog/hybrid-casual-monetization-coin-sort-revenue-blueprint 301
/articles/knit-out-vs-knit-match-comparison.html /blog/knit-out-vs-knit-match-comparison 301
/articles/wool-craze-vs-knit-out-yarn-puzzle-games-2025.html /blog/wool-craze-vs-knit-out-yarn-puzzle-games-2025 301
/articles/hybrid-casual-games-market-trends-2025-part1.html /blog/hybrid-casual-games-market-trends-2025-part1 301